USE `swapu`;
-- 清理旧数据 (可选，请谨慎执行)
DELETE FROM `report`;
DELETE FROM `comment`;
DELETE FROM `trade_order`;
DELETE FROM `item_want`;
DELETE FROM `item`;
DELETE FROM `sys_user` WHERE username LIKE 'user%';

-- 1. 生成用户数据
INSERT INTO `sys_user` (user_id, username, password, nickname, role, status, credit_score) VALUES (100, 'user100', 'password', '用户100', 0, 1, 100);
INSERT INTO `sys_user` (user_id, username, password, nickname, role, status, credit_score) VALUES (101, 'user101', 'password', '用户101', 0, 1, 100);
INSERT INTO `sys_user` (user_id, username, password, nickname, role, status, credit_score) VALUES (102, 'user102', 'password', '用户102', 0, 1, 100);
INSERT INTO `sys_user` (user_id, username, password, nickname, role, status, credit_score) VALUES (103, 'user103', 'password', '用户103', 0, 1, 100);
INSERT INTO `sys_user` (user_id, username, password, nickname, role, status, credit_score) VALUES (104, 'user104', 'password', '用户104', 0, 1, 100);
INSERT INTO `sys_user` (user_id, username, password, nickname, role, status, credit_score) VALUES (105, 'user105', 'password', '用户105', 0, 1, 100);
INSERT INTO `sys_user` (user_id, username, password, nickname, role, status, credit_score) VALUES (106, 'user106', 'password', '用户106', 0, 1, 100);
INSERT INTO `sys_user` (user_id, username, password, nickname, role, status, credit_score) VALUES (107, 'user107', 'password', '用户107', 0, 1, 100);
INSERT INTO `sys_user` (user_id, username, password, nickname, role, status, credit_score) VALUES (108, 'user108', 'password', '用户108', 0, 1, 100);
INSERT INTO `sys_user` (user_id, username, password, nickname, role, status, credit_score) VALUES (109, 'user109', 'password', '用户109', 0, 1, 100);
INSERT INTO `sys_user` (user_id, username, password, nickname, role, status, credit_score) VALUES (110, 'user110', 'password', '用户110', 0, 1, 100);
INSERT INTO `sys_user` (user_id, username, password, nickname, role, status, credit_score) VALUES (111, 'user111', 'password', '用户111', 0, 1, 100);
INSERT INTO `sys_user` (user_id, username, password, nickname, role, status, credit_score) VALUES (112, 'user112', 'password', '用户112', 0, 1, 100);
INSERT INTO `sys_user` (user_id, username, password, nickname, role, status, credit_score) VALUES (113, 'user113', 'password', '用户113', 0, 1, 100);
INSERT INTO `sys_user` (user_id, username, password, nickname, role, status, credit_score) VALUES (114, 'user114', 'password', '用户114', 0, 1, 100);
INSERT INTO `sys_user` (user_id, username, password, nickname, role, status, credit_score) VALUES (115, 'user115', 'password', '用户115', 0, 1, 100);
INSERT INTO `sys_user` (user_id, username, password, nickname, role, status, credit_score) VALUES (116, 'user116', 'password', '用户116', 0, 1, 100);
INSERT INTO `sys_user` (user_id, username, password, nickname, role, status, credit_score) VALUES (117, 'user117', 'password', '用户117', 0, 1, 100);
INSERT INTO `sys_user` (user_id, username, password, nickname, role, status, credit_score) VALUES (118, 'user118', 'password', '用户118', 0, 1, 100);
INSERT INTO `sys_user` (user_id, username, password, nickname, role, status, credit_score) VALUES (119, 'user119', 'password', '用户119', 0, 1, 100);

-- 2. 生成物品数据
INSERT INTO `item` (item_id, user_id, category_id, title, description, price, images, status, campus_area, view_count) VALUES (148, 103, 3, '哑铃 148', '功能完好，只有外观瑕疵', 420.94, '["https://via.placeholder.com/150"]', 3, '南校区', 32);
INSERT INTO `item` (item_id, user_id, category_id, title, description, price, images, status, campus_area, view_count) VALUES (124, 101, 1, '电风扇 124', '有点旧但是不仅用', 84.02, '["https://via.placeholder.com/150"]', 3, '东校区', 29);
INSERT INTO `item` (item_id, user_id, category_id, title, description, price, images, status, campus_area, view_count) VALUES (174, 100, 4, '瑜伽垫 174', '急出，可小刀', 369.65, '["https://via.placeholder.com/150"]', 3, '东校区', 64);
INSERT INTO `item` (item_id, user_id, category_id, title, description, price, images, status, campus_area, view_count) VALUES (123, 100, 2, '罗技鼠标 123', '全新未拆封', 173.51, '["https://via.placeholder.com/150"]', 3, '东校区', 42);
INSERT INTO `item` (item_id, user_id, category_id, title, description, price, images, status, campus_area, view_count) VALUES (187, 116, 5, '瑜伽垫 187', '功能完好，只有外观瑕疵', 365.36, '["https://via.placeholder.com/150"]', 3, '北校区', 6);
INSERT INTO `item` (item_id, user_id, category_id, title, description, price, images, status, campus_area, view_count) VALUES (125, 103, 3, '二手教材 125', '有点旧但是不仅用', 188.17, '["https://via.placeholder.com/150"]', 3, '南校区', 99);
INSERT INTO `item` (item_id, user_id, category_id, title, description, price, images, status, campus_area, view_count) VALUES (156, 112, 5, '洗面奶 156', '毕业出清，给钱就卖', 114.0, '["https://via.placeholder.com/150"]', 3, '东校区', 59);
INSERT INTO `item` (item_id, user_id, category_id, title, description, price, images, status, campus_area, view_count) VALUES (143, 103, 1, '收纳盒 143', '功能完好，只有外观瑕疵', 202.49, '["https://via.placeholder.com/150"]', 3, '东校区', 19);
INSERT INTO `item` (item_id, user_id, category_id, title, description, price, images, status, campus_area, view_count) VALUES (164, 112, 3, '英语四六级真题 164', '功能完好，只有外观瑕疵', 328.87, '["https://via.placeholder.com/150"]', 3, '北校区', 69);
INSERT INTO `item` (item_id, user_id, category_id, title, description, price, images, status, campus_area, view_count) VALUES (104, 100, 6, '电风扇 104', '全新未拆封', 423.49, '["https://via.placeholder.com/150"]', 3, '东校区', 89);
INSERT INTO `item` (item_id, user_id, category_id, title, description, price, images, status, campus_area, view_count) VALUES (101, 112, 2, '羽毛球拍 101', '全新未拆封', 47.43, '["https://via.placeholder.com/150"]', 3, '东校区', 97);
INSERT INTO `item` (item_id, user_id, category_id, title, description, price, images, status, campus_area, view_count) VALUES (115, 118, 6, 'Java编程思想 115', '九成新，没怎么用过', 431.15, '["https://via.placeholder.com/150"]', 3, '南校区', 29);
INSERT INTO `item` (item_id, user_id, category_id, title, description, price, images, status, campus_area, view_count) VALUES (177, 116, 1, 'C++ Primer 177', '买了后悔了，低价出', 16.15, '["https://via.placeholder.com/150"]', 3, '东校区', 72);
INSERT INTO `item` (item_id, user_id, category_id, title, description, price, images, status, campus_area, view_count) VALUES (179, 111, 1, '羽毛球拍 179', '急出，可小刀', 60.03, '["https://via.placeholder.com/150"]', 3, '北校区', 29);
INSERT INTO `item` (item_id, user_id, category_id, title, description, price, images, status, campus_area, view_count) VALUES (188, 115, 3, '口红 188', '毕业出清，给钱就卖', 204.65, '["https://via.placeholder.com/150"]', 3, '北校区', 58);
INSERT INTO `item` (item_id, user_id, category_id, title, description, price, images, status, campus_area, view_count) VALUES (163, 116, 6, '罗技鼠标 163', '急出，可小刀', 269.36, '["https://via.placeholder.com/150"]', 3, '北校区', 56);
INSERT INTO `item` (item_id, user_id, category_id, title, description, price, images, status, campus_area, view_count) VALUES (197, 118, 5, '口红 197', '功能完好，只有外观瑕疵', 223.09, '["https://via.placeholder.com/150"]', 3, '北校区', 5);
INSERT INTO `item` (item_id, user_id, category_id, title, description, price, images, status, campus_area, view_count) VALUES (137, 112, 2, '电风扇 137', '九成新，没怎么用过', 178.44, '["https://via.placeholder.com/150"]', 3, '南校区', 46);
INSERT INTO `item` (item_id, user_id, category_id, title, description, price, images, status, campus_area, view_count) VALUES (117, 106, 2, '哑铃 117', '功能完好，只有外观瑕疵', 209.19, '["https://via.placeholder.com/150"]', 3, '北校区', 0);
INSERT INTO `item` (item_id, user_id, category_id, title, description, price, images, status, campus_area, view_count) VALUES (139, 106, 1, 'C++ Primer 139', '有点旧但是不仅用', 226.09, '["https://via.placeholder.com/150"]', 3, '东校区', 83);
INSERT INTO `item` (item_id, user_id, category_id, title, description, price, images, status, campus_area, view_count) VALUES (184, 118, 5, 'Java编程思想 184', '毕业出清，给钱就卖', 17.34, '["https://via.placeholder.com/150"]', 3, '东校区', 1);
INSERT INTO `item` (item_id, user_id, category_id, title, description, price, images, status, campus_area, view_count) VALUES (160, 108, 3, '电风扇 160', '功能完好，只有外观瑕疵', 168.44, '["https://via.placeholder.com/150"]', 3, '北校区', 73);
INSERT INTO `item` (item_id, user_id, category_id, title, description, price, images, status, campus_area, view_count) VALUES (112, 109, 1, '哑铃 112', '全新未拆封', 157.0, '["https://via.placeholder.com/150"]', 3, '南校区', 49);
INSERT INTO `item` (item_id, user_id, category_id, title, description, price, images, status, campus_area, view_count) VALUES (199, 111, 1, '小米台灯 199', '全新未拆封', 385.09, '["https://via.placeholder.com/150"]', 3, '南校区', 54);
INSERT INTO `item` (item_id, user_id, category_id, title, description, price, images, status, campus_area, view_count) VALUES (121, 105, 3, '考研数学全套 121', '毕业出清，给钱就卖', 149.67, '["https://via.placeholder.com/150"]', 3, '南校区', 34);
INSERT INTO `item` (item_id, user_id, category_id, title, description, price, images, status, campus_area, view_count) VALUES (142, 118, 6, '防晒霜 142', '买了后悔了，低价出', 105.66, '["https://via.placeholder.com/150"]', 3, '南校区', 21);
INSERT INTO `item` (item_id, user_id, category_id, title, description, price, images, status, campus_area, view_count) VALUES (122, 109, 5, '小米台灯 122', '急出，可小刀', 210.25, '["https://via.placeholder.com/150"]', 3, '南校区', 45);
INSERT INTO `item` (item_id, user_id, category_id, title, description, price, images, status, campus_area, view_count) VALUES (149, 109, 4, '小米台灯 149', '买了后悔了，低价出', 407.7, '["https://via.placeholder.com/150"]', 3, '南校区', 5);
INSERT INTO `item` (item_id, user_id, category_id, title, description, price, images, status, campus_area, view_count) VALUES (103, 104, 1, 'C++ Primer 103', '全新未拆封', 53.57, '["https://via.placeholder.com/150"]', 3, '北校区', 57);
INSERT INTO `item` (item_id, user_id, category_id, title, description, price, images, status, campus_area, view_count) VALUES (146, 109, 2, '电风扇 146', '全新未拆封', 282.22, '["https://via.placeholder.com/150"]', 3, '南校区', 1);
INSERT INTO `item` (item_id, user_id, category_id, title, description, price, images, status, campus_area, view_count) VALUES (175, 117, 4, '机械键盘 175', '功能完好，只有外观瑕疵', 206.1, '["https://via.placeholder.com/150"]', 1, '南校区', 11);
INSERT INTO `item` (item_id, user_id, category_id, title, description, price, images, status, campus_area, view_count) VALUES (129, 100, 1, '机械键盘 129', '有点旧但是不仅用', 100.1, '["https://via.placeholder.com/150"]', 1, '南校区', 34);
INSERT INTO `item` (item_id, user_id, category_id, title, description, price, images, status, campus_area, view_count) VALUES (152, 114, 1, '篮球 152', '九成新，没怎么用过', 275.7, '["https://via.placeholder.com/150"]', 1, '东校区', 90);
INSERT INTO `item` (item_id, user_id, category_id, title, description, price, images, status, campus_area, view_count) VALUES (194, 106, 5, '机械键盘 194', '毕业出清，给钱就卖', 300.65, '["https://via.placeholder.com/150"]', 1, '东校区', 81);
INSERT INTO `item` (item_id, user_id, category_id, title, description, price, images, status, campus_area, view_count) VALUES (195, 106, 1, '羽毛球拍 195', '毕业出清，给钱就卖', 453.25, '["https://via.placeholder.com/150"]', 1, '南校区', 85);
INSERT INTO `item` (item_id, user_id, category_id, title, description, price, images, status, campus_area, view_count) VALUES (154, 115, 2, 'Java编程思想 154', '全新未拆封', 389.55, '["https://via.placeholder.com/150"]', 1, '南校区', 93);
INSERT INTO `item` (item_id, user_id, category_id, title, description, price, images, status, campus_area, view_count) VALUES (134, 104, 5, '机械键盘 134', '急出，可小刀', 293.37, '["https://via.placeholder.com/150"]', 1, '南校区', 3);
INSERT INTO `item` (item_id, user_id, category_id, title, description, price, images, status, campus_area, view_count) VALUES (107, 101, 2, '瑜伽垫 107', '毕业出清，给钱就卖', 239.46, '["https://via.placeholder.com/150"]', 1, '南校区', 42);
INSERT INTO `item` (item_id, user_id, category_id, title, description, price, images, status, campus_area, view_count) VALUES (169, 110, 3, 'Java编程思想 169', '九成新，没怎么用过', 56.66, '["https://via.placeholder.com/150"]', 1, '北校区', 100);
INSERT INTO `item` (item_id, user_id, category_id, title, description, price, images, status, campus_area, view_count) VALUES (118, 119, 2, '防晒霜 118', '急出，可小刀', 278.54, '["https://via.placeholder.com/150"]', 1, '北校区', 87);
INSERT INTO `item` (item_id, user_id, category_id, title, description, price, images, status, campus_area, view_count) VALUES (191, 106, 2, '小米台灯 191', '全新未拆封', 30.48, '["https://via.placeholder.com/150"]', 1, '北校区', 76);
INSERT INTO `item` (item_id, user_id, category_id, title, description, price, images, status, campus_area, view_count) VALUES (196, 102, 3, 'iPad Air 196', '功能完好，只有外观瑕疵', 371.84, '["https://via.placeholder.com/150"]', 1, '东校区', 64);
INSERT INTO `item` (item_id, user_id, category_id, title, description, price, images, status, campus_area, view_count) VALUES (157, 118, 5, '洗面奶 157', '全新未拆封', 299.59, '["https://via.placeholder.com/150"]', 1, '北校区', 94);
INSERT INTO `item` (item_id, user_id, category_id, title, description, price, images, status, campus_area, view_count) VALUES (147, 114, 4, 'Java编程思想 147', '功能完好，只有外观瑕疵', 418.73, '["https://via.placeholder.com/150"]', 1, '南校区', 13);
INSERT INTO `item` (item_id, user_id, category_id, title, description, price, images, status, campus_area, view_count) VALUES (185, 119, 3, '二手教材 185', '有点旧但是不仅用', 358.33, '["https://via.placeholder.com/150"]', 1, '南校区', 35);
INSERT INTO `item` (item_id, user_id, category_id, title, description, price, images, status, campus_area, view_count) VALUES (159, 118, 4, '口红 159', '急出，可小刀', 205.37, '["https://via.placeholder.com/150"]', 1, '东校区', 67);
INSERT INTO `item` (item_id, user_id, category_id, title, description, price, images, status, campus_area, view_count) VALUES (158, 106, 4, '考研数学全套 158', '有点旧但是不仅用', 105.66, '["https://via.placeholder.com/150"]', 1, '东校区', 11);
INSERT INTO `item` (item_id, user_id, category_id, title, description, price, images, status, campus_area, view_count) VALUES (165, 100, 6, '羽毛球拍 165', '九成新，没怎么用过', 339.31, '["https://via.placeholder.com/150"]', 1, '南校区', 61);
INSERT INTO `item` (item_id, user_id, category_id, title, description, price, images, status, campus_area, view_count) VALUES (155, 117, 2, '篮球 155', '有点旧但是不仅用', 14.98, '["https://via.placeholder.com/150"]', 1, '北校区', 88);
INSERT INTO `item` (item_id, user_id, category_id, title, description, price, images, status, campus_area, view_count) VALUES (116, 114, 3, '小米台灯 116', '毕业出清，给钱就卖', 211.47, '["https://via.placeholder.com/150"]', 1, '南校区', 4);
INSERT INTO `item` (item_id, user_id, category_id, title, description, price, images, status, campus_area, view_count) VALUES (161, 109, 5, '洗面奶 161', '急出，可小刀', 478.08, '["https://via.placeholder.com/150"]', 1, '北校区', 41);
INSERT INTO `item` (item_id, user_id, category_id, title, description, price, images, status, campus_area, view_count) VALUES (133, 101, 2, '洗面奶 133', '九成新，没怎么用过', 153.89, '["https://via.placeholder.com/150"]', 1, '东校区', 1);
INSERT INTO `item` (item_id, user_id, category_id, title, description, price, images, status, campus_area, view_count) VALUES (171, 113, 1, 'C++ Primer 171', '九成新，没怎么用过', 459.67, '["https://via.placeholder.com/150"]', 1, '南校区', 16);
INSERT INTO `item` (item_id, user_id, category_id, title, description, price, images, status, campus_area, view_count) VALUES (167, 101, 2, '机械键盘 167', '毕业出清，给钱就卖', 305.04, '["https://via.placeholder.com/150"]', 1, '南校区', 61);
INSERT INTO `item` (item_id, user_id, category_id, title, description, price, images, status, campus_area, view_count) VALUES (170, 107, 2, '机械键盘 170', '九成新，没怎么用过', 88.07, '["https://via.placeholder.com/150"]', 1, '北校区', 93);
INSERT INTO `item` (item_id, user_id, category_id, title, description, price, images, status, campus_area, view_count) VALUES (141, 107, 2, 'C++ Primer 141', '毕业出清，给钱就卖', 59.16, '["https://via.placeholder.com/150"]', 1, '南校区', 10);
INSERT INTO `item` (item_id, user_id, category_id, title, description, price, images, status, campus_area, view_count) VALUES (131, 118, 2, '书架 131', '毕业出清，给钱就卖', 326.07, '["https://via.placeholder.com/150"]', 1, '北校区', 67);
INSERT INTO `item` (item_id, user_id, category_id, title, description, price, images, status, campus_area, view_count) VALUES (113, 117, 4, '机械键盘 113', '急出，可小刀', 297.15, '["https://via.placeholder.com/150"]', 1, '北校区', 19);
INSERT INTO `item` (item_id, user_id, category_id, title, description, price, images, status, campus_area, view_count) VALUES (109, 116, 2, '篮球 109', '买了后悔了，低价出', 87.92, '["https://via.placeholder.com/150"]', 1, '南校区', 75);
INSERT INTO `item` (item_id, user_id, category_id, title, description, price, images, status, campus_area, view_count) VALUES (181, 115, 6, '哑铃 181', '有点旧但是不仅用', 248.91, '["https://via.placeholder.com/150"]', 1, '南校区', 1);
INSERT INTO `item` (item_id, user_id, category_id, title, description, price, images, status, campus_area, view_count) VALUES (162, 118, 1, 'iPhone 12 162', '全新未拆封', 93.3, '["https://via.placeholder.com/150"]', 1, '南校区', 81);
INSERT INTO `item` (item_id, user_id, category_id, title, description, price, images, status, campus_area, view_count) VALUES (119, 112, 3, '电风扇 119', '毕业出清，给钱就卖', 348.57, '["https://via.placeholder.com/150"]', 1, '东校区', 4);
INSERT INTO `item` (item_id, user_id, category_id, title, description, price, images, status, campus_area, view_count) VALUES (183, 111, 3, '二手教材 183', '有点旧但是不仅用', 176.79, '["https://via.placeholder.com/150"]', 1, '东校区', 16);
INSERT INTO `item` (item_id, user_id, category_id, title, description, price, images, status, campus_area, view_count) VALUES (140, 116, 5, 'iPad Air 140', '毕业出清，给钱就卖', 56.72, '["https://via.placeholder.com/150"]', 1, '北校区', 60);
INSERT INTO `item` (item_id, user_id, category_id, title, description, price, images, status, campus_area, view_count) VALUES (127, 101, 4, '羽毛球拍 127', '毕业出清，给钱就卖', 364.23, '["https://via.placeholder.com/150"]', 1, '南校区', 56);
INSERT INTO `item` (item_id, user_id, category_id, title, description, price, images, status, campus_area, view_count) VALUES (151, 102, 3, '书架 151', '功能完好，只有外观瑕疵', 346.56, '["https://via.placeholder.com/150"]', 1, '南校区', 19);
INSERT INTO `item` (item_id, user_id, category_id, title, description, price, images, status, campus_area, view_count) VALUES (108, 115, 5, '机械键盘 108', '有点旧但是不仅用', 122.41, '["https://via.placeholder.com/150"]', 1, '南校区', 88);
INSERT INTO `item` (item_id, user_id, category_id, title, description, price, images, status, campus_area, view_count) VALUES (110, 104, 3, '篮球 110', '功能完好，只有外观瑕疵', 101.33, '["https://via.placeholder.com/150"]', 1, '南校区', 8);
INSERT INTO `item` (item_id, user_id, category_id, title, description, price, images, status, campus_area, view_count) VALUES (105, 102, 3, '洗面奶 105', '毕业出清，给钱就卖', 146.86, '["https://via.placeholder.com/150"]', 1, '东校区', 88);
INSERT INTO `item` (item_id, user_id, category_id, title, description, price, images, status, campus_area, view_count) VALUES (178, 110, 1, '考研数学全套 178', '九成新，没怎么用过', 12.9, '["https://via.placeholder.com/150"]', 1, '北校区', 64);
INSERT INTO `item` (item_id, user_id, category_id, title, description, price, images, status, campus_area, view_count) VALUES (173, 104, 5, '电风扇 173', '功能完好，只有外观瑕疵', 327.17, '["https://via.placeholder.com/150"]', 1, '东校区', 26);
INSERT INTO `item` (item_id, user_id, category_id, title, description, price, images, status, campus_area, view_count) VALUES (192, 105, 6, '机械键盘 192', '有点旧但是不仅用', 112.8, '["https://via.placeholder.com/150"]', 1, '南校区', 80);
INSERT INTO `item` (item_id, user_id, category_id, title, description, price, images, status, campus_area, view_count) VALUES (132, 100, 3, '瑜伽垫 132', '买了后悔了，低价出', 33.74, '["https://via.placeholder.com/150"]', 1, '东校区', 72);
INSERT INTO `item` (item_id, user_id, category_id, title, description, price, images, status, campus_area, view_count) VALUES (166, 103, 2, '小米台灯 166', '急出，可小刀', 264.25, '["https://via.placeholder.com/150"]', 1, '东校区', 94);
INSERT INTO `item` (item_id, user_id, category_id, title, description, price, images, status, campus_area, view_count) VALUES (126, 112, 1, '哑铃 126', '九成新，没怎么用过', 223.6, '["https://via.placeholder.com/150"]', 1, '东校区', 9);
INSERT INTO `item` (item_id, user_id, category_id, title, description, price, images, status, campus_area, view_count) VALUES (128, 117, 4, '书架 128', '毕业出清，给钱就卖', 289.57, '["https://via.placeholder.com/150"]', 1, '东校区', 11);
INSERT INTO `item` (item_id, user_id, category_id, title, description, price, images, status, campus_area, view_count) VALUES (111, 111, 3, '考研数学全套 111', '有点旧但是不仅用', 319.12, '["https://via.placeholder.com/150"]', 1, '东校区', 54);
INSERT INTO `item` (item_id, user_id, category_id, title, description, price, images, status, campus_area, view_count) VALUES (186, 110, 5, '篮球 186', '买了后悔了，低价出', 183.51, '["https://via.placeholder.com/150"]', 1, '北校区', 26);
INSERT INTO `item` (item_id, user_id, category_id, title, description, price, images, status, campus_area, view_count) VALUES (145, 110, 3, '洗面奶 145', '功能完好，只有外观瑕疵', 399.58, '["https://via.placeholder.com/150"]', 1, '北校区', 34);
INSERT INTO `item` (item_id, user_id, category_id, title, description, price, images, status, campus_area, view_count) VALUES (130, 103, 3, '二手教材 130', '毕业出清，给钱就卖', 253.55, '["https://via.placeholder.com/150"]', 1, '东校区', 86);
INSERT INTO `item` (item_id, user_id, category_id, title, description, price, images, status, campus_area, view_count) VALUES (153, 115, 2, '瑜伽垫 153', '全新未拆封', 213.45, '["https://via.placeholder.com/150"]', 0, '南校区', 10);
INSERT INTO `item` (item_id, user_id, category_id, title, description, price, images, status, campus_area, view_count) VALUES (102, 104, 3, '书架 102', '有点旧但是不仅用', 471.19, '["https://via.placeholder.com/150"]', 0, '北校区', 35);
INSERT INTO `item` (item_id, user_id, category_id, title, description, price, images, status, campus_area, view_count) VALUES (176, 108, 1, 'Java编程思想 176', '急出，可小刀', 359.51, '["https://via.placeholder.com/150"]', 0, '南校区', 13);
INSERT INTO `item` (item_id, user_id, category_id, title, description, price, images, status, campus_area, view_count) VALUES (150, 113, 4, '篮球 150', '买了后悔了，低价出', 419.71, '["https://via.placeholder.com/150"]', 0, '南校区', 61);
INSERT INTO `item` (item_id, user_id, category_id, title, description, price, images, status, campus_area, view_count) VALUES (120, 115, 6, '哑铃 120', '九成新，没怎么用过', 195.95, '["https://via.placeholder.com/150"]', 0, '北校区', 27);
INSERT INTO `item` (item_id, user_id, category_id, title, description, price, images, status, campus_area, view_count) VALUES (168, 110, 4, 'iPad Air 168', '有点旧但是不仅用', 403.17, '["https://via.placeholder.com/150"]', 0, '东校区', 66);
INSERT INTO `item` (item_id, user_id, category_id, title, description, price, images, status, campus_area, view_count) VALUES (198, 119, 2, 'iPhone 12 198', '九成新，没怎么用过', 473.59, '["https://via.placeholder.com/150"]', 0, '北校区', 63);
INSERT INTO `item` (item_id, user_id, category_id, title, description, price, images, status, campus_area, view_count) VALUES (189, 101, 4, '二手教材 189', '毕业出清，给钱就卖', 225.01, '["https://via.placeholder.com/150"]', 0, '东校区', 19);
INSERT INTO `item` (item_id, user_id, category_id, title, description, price, images, status, campus_area, view_count) VALUES (144, 107, 1, '小米台灯 144', '有点旧但是不仅用', 89.52, '["https://via.placeholder.com/150"]', 0, '东校区', 33);
INSERT INTO `item` (item_id, user_id, category_id, title, description, price, images, status, campus_area, view_count) VALUES (182, 119, 4, 'Java编程思想 182', '有点旧但是不仅用', 200.76, '["https://via.placeholder.com/150"]', 0, '南校区', 43);
INSERT INTO `item` (item_id, user_id, category_id, title, description, price, images, status, campus_area, view_count) VALUES (106, 109, 1, '羽毛球拍 106', '毕业出清，给钱就卖', 155.9, '["https://via.placeholder.com/150"]', 4, '东校区', 47);
INSERT INTO `item` (item_id, user_id, category_id, title, description, price, images, status, campus_area, view_count) VALUES (138, 119, 4, '洗面奶 138', '功能完好，只有外观瑕疵', 178.05, '["https://via.placeholder.com/150"]', 4, '东校区', 92);
INSERT INTO `item` (item_id, user_id, category_id, title, description, price, images, status, campus_area, view_count) VALUES (180, 110, 1, '羽毛球拍 180', '毕业出清，给钱就卖', 152.61, '["https://via.placeholder.com/150"]', 4, '北校区', 3);
INSERT INTO `item` (item_id, user_id, category_id, title, description, price, images, status, campus_area, view_count) VALUES (135, 109, 6, '二手教材 135', '全新未拆封', 421.07, '["https://via.placeholder.com/150"]', 4, '南校区', 11);
INSERT INTO `item` (item_id, user_id, category_id, title, description, price, images, status, campus_area, view_count) VALUES (190, 118, 1, '英语四六级真题 190', '急出，可小刀', 388.39, '["https://via.placeholder.com/150"]', 4, '南校区', 34);
INSERT INTO `item` (item_id, user_id, category_id, title, description, price, images, status, campus_area, view_count) VALUES (114, 116, 5, '书架 114', '有点旧但是不仅用', 399.05, '["https://via.placeholder.com/150"]', 4, '北校区', 96);
INSERT INTO `item` (item_id, user_id, category_id, title, description, price, images, status, campus_area, view_count) VALUES (193, 104, 6, '洗面奶 193', '有点旧但是不仅用', 203.68, '["https://via.placeholder.com/150"]', 4, '北校区', 69);
INSERT INTO `item` (item_id, user_id, category_id, title, description, price, images, status, campus_area, view_count) VALUES (100, 100, 5, '英语四六级真题 100', '全新未拆封', 49.28, '["https://via.placeholder.com/150"]', 4, '东校区', 25);
INSERT INTO `item` (item_id, user_id, category_id, title, description, price, images, status, campus_area, view_count) VALUES (172, 117, 6, 'C++ Primer 172', '毕业出清，给钱就卖', 161.46, '["https://via.placeholder.com/150"]', 4, '南校区', 43);
INSERT INTO `item` (item_id, user_id, category_id, title, description, price, images, status, campus_area, view_count) VALUES (136, 117, 6, 'Java编程思想 136', '毕业出清，给钱就卖', 153.66, '["https://via.placeholder.com/150"]', 4, '北校区', 31);

-- 3. 生成订单数据
INSERT INTO `trade_order` (order_id, order_no, buyer_id, seller_id, item_id, amount, status) VALUES (100, 'ORD20260308100', 113, 103, 148, 420.94, 2);
INSERT INTO `trade_order` (order_id, order_no, buyer_id, seller_id, item_id, amount, status) VALUES (101, 'ORD20260308101', 117, 101, 124, 84.02, 2);
INSERT INTO `trade_order` (order_id, order_no, buyer_id, seller_id, item_id, amount, status) VALUES (102, 'ORD20260308102', 115, 100, 174, 369.65, 2);
INSERT INTO `trade_order` (order_id, order_no, buyer_id, seller_id, item_id, amount, status) VALUES (103, 'ORD20260308103', 109, 100, 123, 173.51, 2);
INSERT INTO `trade_order` (order_id, order_no, buyer_id, seller_id, item_id, amount, status) VALUES (104, 'ORD20260308104', 104, 116, 187, 365.36, 2);
INSERT INTO `trade_order` (order_id, order_no, buyer_id, seller_id, item_id, amount, status) VALUES (105, 'ORD20260308105', 110, 103, 125, 188.17, 2);
INSERT INTO `trade_order` (order_id, order_no, buyer_id, seller_id, item_id, amount, status) VALUES (106, 'ORD20260308106', 101, 112, 156, 114.0, 2);
INSERT INTO `trade_order` (order_id, order_no, buyer_id, seller_id, item_id, amount, status) VALUES (107, 'ORD20260308107', 107, 103, 143, 202.49, 2);
INSERT INTO `trade_order` (order_id, order_no, buyer_id, seller_id, item_id, amount, status) VALUES (108, 'ORD20260308108', 106, 112, 164, 328.87, 2);
INSERT INTO `trade_order` (order_id, order_no, buyer_id, seller_id, item_id, amount, status) VALUES (109, 'ORD20260308109', 105, 100, 104, 423.49, 2);
INSERT INTO `trade_order` (order_id, order_no, buyer_id, seller_id, item_id, amount, status) VALUES (110, 'ORD20260308110', 103, 112, 101, 47.43, 2);
INSERT INTO `trade_order` (order_id, order_no, buyer_id, seller_id, item_id, amount, status) VALUES (111, 'ORD20260308111', 102, 118, 115, 431.15, 2);
INSERT INTO `trade_order` (order_id, order_no, buyer_id, seller_id, item_id, amount, status) VALUES (112, 'ORD20260308112', 119, 116, 177, 16.15, 2);
INSERT INTO `trade_order` (order_id, order_no, buyer_id, seller_id, item_id, amount, status) VALUES (113, 'ORD20260308113', 109, 111, 179, 60.03, 2);
INSERT INTO `trade_order` (order_id, order_no, buyer_id, seller_id, item_id, amount, status) VALUES (114, 'ORD20260308114', 118, 115, 188, 204.65, 2);
INSERT INTO `trade_order` (order_id, order_no, buyer_id, seller_id, item_id, amount, status) VALUES (115, 'ORD20260308115', 113, 116, 163, 269.36, 2);
INSERT INTO `trade_order` (order_id, order_no, buyer_id, seller_id, item_id, amount, status) VALUES (116, 'ORD20260308116', 105, 118, 197, 223.09, 2);
INSERT INTO `trade_order` (order_id, order_no, buyer_id, seller_id, item_id, amount, status) VALUES (117, 'ORD20260308117', 113, 112, 137, 178.44, 2);
INSERT INTO `trade_order` (order_id, order_no, buyer_id, seller_id, item_id, amount, status) VALUES (118, 'ORD20260308118', 112, 106, 117, 209.19, 2);
INSERT INTO `trade_order` (order_id, order_no, buyer_id, seller_id, item_id, amount, status) VALUES (119, 'ORD20260308119', 105, 106, 139, 226.09, 2);
INSERT INTO `trade_order` (order_id, order_no, buyer_id, seller_id, item_id, amount, status) VALUES (120, 'ORD20260308120', 104, 118, 184, 17.34, 2);
INSERT INTO `trade_order` (order_id, order_no, buyer_id, seller_id, item_id, amount, status) VALUES (121, 'ORD20260308121', 102, 108, 160, 168.44, 2);
INSERT INTO `trade_order` (order_id, order_no, buyer_id, seller_id, item_id, amount, status) VALUES (122, 'ORD20260308122', 118, 109, 112, 157.0, 2);
INSERT INTO `trade_order` (order_id, order_no, buyer_id, seller_id, item_id, amount, status) VALUES (123, 'ORD20260308123', 103, 111, 199, 385.09, 2);
INSERT INTO `trade_order` (order_id, order_no, buyer_id, seller_id, item_id, amount, status) VALUES (124, 'ORD20260308124', 109, 105, 121, 149.67, 2);
INSERT INTO `trade_order` (order_id, order_no, buyer_id, seller_id, item_id, amount, status) VALUES (125, 'ORD20260308125', 100, 118, 142, 105.66, 2);
INSERT INTO `trade_order` (order_id, order_no, buyer_id, seller_id, item_id, amount, status) VALUES (126, 'ORD20260308126', 115, 109, 122, 210.25, 2);
INSERT INTO `trade_order` (order_id, order_no, buyer_id, seller_id, item_id, amount, status) VALUES (127, 'ORD20260308127', 101, 109, 149, 407.7, 2);
INSERT INTO `trade_order` (order_id, order_no, buyer_id, seller_id, item_id, amount, status) VALUES (128, 'ORD20260308128', 118, 104, 103, 53.57, 2);
INSERT INTO `trade_order` (order_id, order_no, buyer_id, seller_id, item_id, amount, status) VALUES (129, 'ORD20260308129', 104, 109, 146, 282.22, 2);

-- 4. 生成评价数据
INSERT INTO `comment` (comment_id, order_id, item_id, user_id, target_user_id, content, rating) VALUES (100, 126, 122, 115, 109, '交易愉快，东西很好！', 5);
INSERT INTO `comment` (comment_id, order_id, item_id, user_id, target_user_id, content, rating) VALUES (101, 107, 143, 103, 107, '买家爽快，推荐！', 5);
INSERT INTO `comment` (comment_id, order_id, item_id, user_id, target_user_id, content, rating) VALUES (102, 111, 115, 118, 102, '买家爽快，推荐！', 5);
INSERT INTO `comment` (comment_id, order_id, item_id, user_id, target_user_id, content, rating) VALUES (103, 113, 179, 109, 111, '交易愉快，东西很好！', 5);
INSERT INTO `comment` (comment_id, order_id, item_id, user_id, target_user_id, content, rating) VALUES (104, 122, 112, 118, 109, '交易愉快，东西很好！', 5);
INSERT INTO `comment` (comment_id, order_id, item_id, user_id, target_user_id, content, rating) VALUES (105, 109, 104, 100, 105, '买家爽快，推荐！', 5);
INSERT INTO `comment` (comment_id, order_id, item_id, user_id, target_user_id, content, rating) VALUES (106, 102, 174, 100, 115, '买家爽快，推荐！', 5);
INSERT INTO `comment` (comment_id, order_id, item_id, user_id, target_user_id, content, rating) VALUES (107, 119, 139, 105, 106, '交易愉快，东西很好！', 5);
INSERT INTO `comment` (comment_id, order_id, item_id, user_id, target_user_id, content, rating) VALUES (108, 117, 137, 113, 112, '交易愉快，东西很好！', 5);
INSERT INTO `comment` (comment_id, order_id, item_id, user_id, target_user_id, content, rating) VALUES (109, 129, 146, 104, 109, '交易愉快，东西很好！', 5);
INSERT INTO `comment` (comment_id, order_id, item_id, user_id, target_user_id, content, rating) VALUES (110, 114, 188, 115, 118, '买家爽快，推荐！', 5);
INSERT INTO `comment` (comment_id, order_id, item_id, user_id, target_user_id, content, rating) VALUES (111, 113, 179, 111, 109, '买家爽快，推荐！', 5);
INSERT INTO `comment` (comment_id, order_id, item_id, user_id, target_user_id, content, rating) VALUES (112, 129, 146, 104, 109, '交易愉快，东西很好！', 5);
INSERT INTO `comment` (comment_id, order_id, item_id, user_id, target_user_id, content, rating) VALUES (113, 103, 123, 100, 109, '买家爽快，推荐！', 5);
INSERT INTO `comment` (comment_id, order_id, item_id, user_id, target_user_id, content, rating) VALUES (114, 108, 164, 106, 112, '交易愉快，东西很好！', 5);
INSERT INTO `comment` (comment_id, order_id, item_id, user_id, target_user_id, content, rating) VALUES (115, 121, 160, 102, 108, '交易愉快，东西很好！', 5);
INSERT INTO `comment` (comment_id, order_id, item_id, user_id, target_user_id, content, rating) VALUES (116, 126, 122, 109, 115, '买家爽快，推荐！', 5);
INSERT INTO `comment` (comment_id, order_id, item_id, user_id, target_user_id, content, rating) VALUES (117, 122, 112, 118, 109, '交易愉快，东西很好！', 5);
INSERT INTO `comment` (comment_id, order_id, item_id, user_id, target_user_id, content, rating) VALUES (118, 108, 164, 112, 106, '买家爽快，推荐！', 5);
INSERT INTO `comment` (comment_id, order_id, item_id, user_id, target_user_id, content, rating) VALUES (119, 117, 137, 113, 112, '交易愉快，东西很好！', 5);
INSERT INTO `comment` (comment_id, order_id, item_id, user_id, target_user_id, content, rating) VALUES (120, 111, 115, 118, 102, '买家爽快，推荐！', 5);
INSERT INTO `comment` (comment_id, order_id, item_id, user_id, target_user_id, content, rating) VALUES (121, 122, 112, 118, 109, '交易愉快，东西很好！', 5);
INSERT INTO `comment` (comment_id, order_id, item_id, user_id, target_user_id, content, rating) VALUES (122, 106, 156, 112, 101, '买家爽快，推荐！', 5);
INSERT INTO `comment` (comment_id, order_id, item_id, user_id, target_user_id, content, rating) VALUES (123, 119, 139, 105, 106, '交易愉快，东西很好！', 5);
INSERT INTO `comment` (comment_id, order_id, item_id, user_id, target_user_id, content, rating) VALUES (124, 111, 115, 118, 102, '买家爽快，推荐！', 5);
INSERT INTO `comment` (comment_id, order_id, item_id, user_id, target_user_id, content, rating) VALUES (125, 122, 112, 109, 118, '买家爽快，推荐！', 5);
INSERT INTO `comment` (comment_id, order_id, item_id, user_id, target_user_id, content, rating) VALUES (126, 111, 115, 118, 102, '买家爽快，推荐！', 5);
INSERT INTO `comment` (comment_id, order_id, item_id, user_id, target_user_id, content, rating) VALUES (127, 107, 143, 103, 107, '买家爽快，推荐！', 5);
INSERT INTO `comment` (comment_id, order_id, item_id, user_id, target_user_id, content, rating) VALUES (128, 103, 123, 100, 109, '买家爽快，推荐！', 5);
INSERT INTO `comment` (comment_id, order_id, item_id, user_id, target_user_id, content, rating) VALUES (129, 108, 164, 112, 106, '买家爽快，推荐！', 5);
INSERT INTO `comment` (comment_id, order_id, item_id, user_id, target_user_id, content, rating) VALUES (130, 100, 148, 103, 113, '买家爽快，推荐！', 5);
INSERT INTO `comment` (comment_id, order_id, item_id, user_id, target_user_id, content, rating) VALUES (131, 129, 146, 109, 104, '买家爽快，推荐！', 5);
INSERT INTO `comment` (comment_id, order_id, item_id, user_id, target_user_id, content, rating) VALUES (132, 113, 179, 111, 109, '买家爽快，推荐！', 5);
INSERT INTO `comment` (comment_id, order_id, item_id, user_id, target_user_id, content, rating) VALUES (133, 117, 137, 112, 113, '买家爽快，推荐！', 5);
INSERT INTO `comment` (comment_id, order_id, item_id, user_id, target_user_id, content, rating) VALUES (134, 126, 122, 115, 109, '交易愉快，东西很好！', 5);
INSERT INTO `comment` (comment_id, order_id, item_id, user_id, target_user_id, content, rating) VALUES (135, 108, 164, 106, 112, '交易愉快，东西很好！', 5);
INSERT INTO `comment` (comment_id, order_id, item_id, user_id, target_user_id, content, rating) VALUES (136, 122, 112, 109, 118, '买家爽快，推荐！', 5);
INSERT INTO `comment` (comment_id, order_id, item_id, user_id, target_user_id, content, rating) VALUES (137, 102, 174, 115, 100, '交易愉快，东西很好！', 5);
INSERT INTO `comment` (comment_id, order_id, item_id, user_id, target_user_id, content, rating) VALUES (138, 105, 125, 103, 110, '买家爽快，推荐！', 5);
INSERT INTO `comment` (comment_id, order_id, item_id, user_id, target_user_id, content, rating) VALUES (139, 101, 124, 101, 117, '买家爽快，推荐！', 5);

-- 5. 生成收藏/想要数据
INSERT IGNORE INTO `item_want` (want_id, user_id, item_id) VALUES (100, 116, 124);
INSERT IGNORE INTO `item_want` (want_id, user_id, item_id) VALUES (101, 115, 132);
INSERT IGNORE INTO `item_want` (want_id, user_id, item_id) VALUES (102, 114, 103);
INSERT IGNORE INTO `item_want` (want_id, user_id, item_id) VALUES (103, 104, 113);
INSERT IGNORE INTO `item_want` (want_id, user_id, item_id) VALUES (104, 116, 164);
INSERT IGNORE INTO `item_want` (want_id, user_id, item_id) VALUES (105, 119, 121);
INSERT IGNORE INTO `item_want` (want_id, user_id, item_id) VALUES (106, 117, 103);
INSERT IGNORE INTO `item_want` (want_id, user_id, item_id) VALUES (107, 105, 155);
INSERT IGNORE INTO `item_want` (want_id, user_id, item_id) VALUES (108, 108, 152);
INSERT IGNORE INTO `item_want` (want_id, user_id, item_id) VALUES (109, 100, 151);
INSERT IGNORE INTO `item_want` (want_id, user_id, item_id) VALUES (110, 103, 192);
INSERT IGNORE INTO `item_want` (want_id, user_id, item_id) VALUES (111, 110, 110);
INSERT IGNORE INTO `item_want` (want_id, user_id, item_id) VALUES (112, 113, 112);
INSERT IGNORE INTO `item_want` (want_id, user_id, item_id) VALUES (113, 114, 129);
INSERT IGNORE INTO `item_want` (want_id, user_id, item_id) VALUES (114, 104, 153);
INSERT IGNORE INTO `item_want` (want_id, user_id, item_id) VALUES (115, 102, 173);
INSERT IGNORE INTO `item_want` (want_id, user_id, item_id) VALUES (116, 106, 178);
INSERT IGNORE INTO `item_want` (want_id, user_id, item_id) VALUES (117, 115, 142);
INSERT IGNORE INTO `item_want` (want_id, user_id, item_id) VALUES (118, 114, 198);
INSERT IGNORE INTO `item_want` (want_id, user_id, item_id) VALUES (119, 109, 193);
INSERT IGNORE INTO `item_want` (want_id, user_id, item_id) VALUES (120, 111, 134);
INSERT IGNORE INTO `item_want` (want_id, user_id, item_id) VALUES (121, 113, 151);
INSERT IGNORE INTO `item_want` (want_id, user_id, item_id) VALUES (122, 114, 102);
INSERT IGNORE INTO `item_want` (want_id, user_id, item_id) VALUES (123, 113, 134);
INSERT IGNORE INTO `item_want` (want_id, user_id, item_id) VALUES (124, 100, 135);
INSERT IGNORE INTO `item_want` (want_id, user_id, item_id) VALUES (125, 116, 198);
INSERT IGNORE INTO `item_want` (want_id, user_id, item_id) VALUES (126, 107, 170);
INSERT IGNORE INTO `item_want` (want_id, user_id, item_id) VALUES (127, 118, 115);
INSERT IGNORE INTO `item_want` (want_id, user_id, item_id) VALUES (128, 112, 109);
INSERT IGNORE INTO `item_want` (want_id, user_id, item_id) VALUES (129, 111, 163);
INSERT IGNORE INTO `item_want` (want_id, user_id, item_id) VALUES (130, 111, 177);
INSERT IGNORE INTO `item_want` (want_id, user_id, item_id) VALUES (131, 117, 151);
INSERT IGNORE INTO `item_want` (want_id, user_id, item_id) VALUES (132, 109, 195);
INSERT IGNORE INTO `item_want` (want_id, user_id, item_id) VALUES (133, 110, 197);
INSERT IGNORE INTO `item_want` (want_id, user_id, item_id) VALUES (134, 118, 108);
INSERT IGNORE INTO `item_want` (want_id, user_id, item_id) VALUES (135, 117, 187);
INSERT IGNORE INTO `item_want` (want_id, user_id, item_id) VALUES (136, 103, 144);
INSERT IGNORE INTO `item_want` (want_id, user_id, item_id) VALUES (137, 106, 136);
INSERT IGNORE INTO `item_want` (want_id, user_id, item_id) VALUES (138, 113, 129);
INSERT IGNORE INTO `item_want` (want_id, user_id, item_id) VALUES (139, 101, 183);
INSERT IGNORE INTO `item_want` (want_id, user_id, item_id) VALUES (140, 114, 158);
INSERT IGNORE INTO `item_want` (want_id, user_id, item_id) VALUES (141, 109, 186);
INSERT IGNORE INTO `item_want` (want_id, user_id, item_id) VALUES (142, 102, 156);
INSERT IGNORE INTO `item_want` (want_id, user_id, item_id) VALUES (143, 119, 184);
INSERT IGNORE INTO `item_want` (want_id, user_id, item_id) VALUES (144, 106, 172);
INSERT IGNORE INTO `item_want` (want_id, user_id, item_id) VALUES (145, 108, 169);
INSERT IGNORE INTO `item_want` (want_id, user_id, item_id) VALUES (146, 104, 153);
INSERT IGNORE INTO `item_want` (want_id, user_id, item_id) VALUES (147, 104, 142);
INSERT IGNORE INTO `item_want` (want_id, user_id, item_id) VALUES (148, 113, 166);
INSERT IGNORE INTO `item_want` (want_id, user_id, item_id) VALUES (149, 101, 155);

-- 6. 生成举报数据
INSERT INTO `report` (report_id, reporter_id, target_id, type, reason, status) VALUES (100, 104, 122, 1, '涉嫌违规', 0);
INSERT INTO `report` (report_id, reporter_id, target_id, type, reason, status) VALUES (101, 111, 122, 1, '涉嫌违规', 0);
INSERT INTO `report` (report_id, reporter_id, target_id, type, reason, status) VALUES (102, 104, 137, 1, '涉嫌违规', 0);
INSERT INTO `report` (report_id, reporter_id, target_id, type, reason, status) VALUES (103, 101, 107, 1, '涉嫌违规', 0);
INSERT INTO `report` (report_id, reporter_id, target_id, type, reason, status) VALUES (104, 110, 100, 1, '涉嫌违规', 0);
INSERT INTO `report` (report_id, reporter_id, target_id, type, reason, status) VALUES (105, 109, 161, 1, '涉嫌违规', 0);
INSERT INTO `report` (report_id, reporter_id, target_id, type, reason, status) VALUES (106, 104, 147, 1, '涉嫌违规', 0);
INSERT INTO `report` (report_id, reporter_id, target_id, type, reason, status) VALUES (107, 101, 138, 1, '涉嫌违规', 0);
INSERT INTO `report` (report_id, reporter_id, target_id, type, reason, status) VALUES (108, 119, 155, 1, '涉嫌违规', 0);
INSERT INTO `report` (report_id, reporter_id, target_id, type, reason, status) VALUES (109, 106, 160, 1, '涉嫌违规', 0);